Eclipse-T-Two Stacked Door Small Top,Eclipse-T-Two Door Stacked Two Door Small Top,Eclipse-T-Two Door Stacked Oven One Drawer Bottom
UT1296,UT2496-2D,O27
UT1596,UT2796,O30
UT1896,UT3096,O33
UT2196,UT3396,O36
UT22.596,UT3696,O27-27
UT2496,UT2496-2D-27,O30-27
UT1296-27,UT2796-27,O33-27
UT1596-27,UT3096-27,O36-27
UT1896-27,UT3396-27,O27-30
UT2196-27,UT3696-27,O30-30
UT22.596-27,UT2496-2D-30,
UT2496-27,UT2796-30,
UT1296-30,UT3096-30,
UT1596-30,UT3396-30,
UT1896-30,UT3696-30,
UT2196-30,,
UT22.596-30,,
UT2496-30,,
