YTC-T-Two Stacked Door Small Top,YTC-T-Two Door Stacked Two Door Small Top,YTC-T-Two Door Stacked Oven One Drawer Bottom,YTC-T-Two Door Stacked Oven Two Stacked Drawer Bottom
24UCS1584,24UCS2484B,OCC2484B,OCB2484B
24UCS1884,24UCS3084B,OCC2784B,OCB2784B
24UCS2184,24UCS3684B,OCC3084B,OCB3084B
24UCS2484,24UCS2487B,OCC3384B,OCB3384B
24UCS1587,24UCS3087B,OCC3684B,OCB3684B
24UCS1887,24UCS3687B,OCC2487B,OCB2487B
24UCS2187,24UCS2490B,OCC2787B,OCB2787B
24UCS2487,24UCS3090B,OCC3087B,OCB3087B
24UCS1590,24UCS3690B,OCC3387B,OCB3387B
24UCS1890,24UCS2493B,OCC3687B,OCB3687B
24UCS2190,24UCS3093B,OCC2490B,OCB2490B
24UCS2490,24UCS3693B,OCC2790B,OCB2790B
24UCS1593,24UCS2496B,OCC3090B,OCB3090B
24UCS1893,24UCS3096B,OCC3390B,OCB3390B
24UCS2193,24UCS3696B,OCC3690B,OCB3690B
24UCS2493,,OCC2493B,OCB2493B
24UCS1596,,OCC2793B,OCB2793B
24UCS1896,,OCC3093B,OCB3093B
24UCS2196,,OCC3393B,OCB3393B
24UCS2496,,OCC3693B,OCB3693B
,,OCC2496B,OCB2496B
,,OCC2796B,OCB2796B
,,OCC3096B,OCB3096B
,,OCC3396B,OCB3396B
,,OCC3696B,OCB3696B
