Aristokraft-CM-MCROWN8_Small Traditional Crown,Aristokraft-CM-MSMCOVECR8_Large Contemporary Crown
24,24
24_MCROWN8_Four_Sides,24_MSMCOVECR8_Four_Sides
24_MCROWN8_Front,24_MSMCOVECR8_Front
24_MCROWN8_Front_Left,24_MSMCOVECR8_Front_Left
24_MCROWN8_Front_Right,24_MSMCOVECR8_Front_Right
24_MCROWN8_Three_Sides,24_MSMCOVECR8_Three_Sides
13,13
13_MCROWN8_Four_Sides,13_MSMCOVECR8_Four_Sides
13_MCROWN8_Front,13_MSMCOVECR8_Front
13_MCROWN8_Front_Left,13_MSMCOVECR8_Front_Left
13_MCROWN8_Front_Right,13_MSMCOVECR8_Front_Right
13_MCROWN8_Three_Sides,13_MSMCOVECR8_Three_Sides
